Rank,Name,Platform,Year,Genre,Publisher,NA_Sales,EU_Sales,JP_Sales,Other_Sales,Global_Sales,Averaged_Sales
1,Wii Sports,Wii,2006.00,Sports,Nintendo,41.49,29.02,3.77,8.46,82.74,21.26992288
2,Super Mario Bros.,NES,1985.00,Platform,Nintendo,29.08,3.58,6.81,0.77,40.24,10.34447301
3,Mario Kart Wii,Wii,2008.00,Racing,Nintendo,15.85,12.88,3.79,3.31,35.82,9.208226221
4,Wii Sports Resort,Wii,2009.00,Sports,Nintendo,15.75,11.01,3.28,2.96,33,8.483290488
5,Pokemon Red/Pokemon Blue,GB,1996.00,Role-Playing,Nintendo,11.27,8.89,10.22,1,31.37,8.064267352
6,Tetris,GB,1989.00,Puzzle,Nintendo,23.2,2.26,4.22,0.58,30.26,7.778920308
7,New Super Mario Bros.,DS,2006.00,Platform,Nintendo,11.38,9.23,6.5,2.9,30.01,7.714652956
8,Wii Play,Wii,2006.00,Misc,Nintendo,14.03,9.2,2.93,2.85,29.02,7.460154242
9,New Super Mario Bros. Wii,Wii,2009.00,Platform,Nintendo,14.59,7.06,4.7,2.26,28.62,7.357326478
10,Duck Hunt,NES,1984.00,Shooter,Nintendo,26.93,0.63,0.28,0.47,28.31,7.277634961
11,Nintendogs,DS,2005.00,Simulation,Nintendo,9.07,11,1.93,2.75,24.76,6.36503856
12,Mario Kart DS,DS,2005.00,Racing,Nintendo,9.81,7.57,4.13,1.92,23.42,6.020565553
13,Pokemon Gold/Pokemon Silver,GB,1999.00,Role-Playing,Nintendo,9,6.18,7.2,0.71,23.1,5.938303342
14,Wii Fit,Wii,2007.00,Sports,Nintendo,8.94,8.03,3.6,2.15,22.72,5.840616967
15,Wii Fit Plus,Wii,2009.00,Sports,Nintendo,9.09,8.59,2.53,1.79,22,5.655526992
16,Kinect Adventures!,X360,2010.00,Misc,Microsoft Game Studios,14.97,4.94,0.24,1.67,21.82,5.609254499
17,Grand Theft Auto V,PS3,2013.00,Action,Take-Two Interactive,7.01,9.27,0.97,4.14,21.4,5.501285347
18,Grand Theft Auto: San Andreas,PS2,2004.00,Action,Take-Two Interactive,9.43,0.4,0.41,10.57,20.81,5.349614396
19,Super Mario World,SNES,1990.00,Platform,Nintendo,12.78,3.75,3.54,0.55,20.61,5.298200514
20,Brain Age: Train Your Brain in Minutes a Day,DS,2005.00,Misc,Nintendo,4.75,9.26,4.16,2.05,20.22,5.197943445
21,Pokemon Diamond/Pokemon Pearl,DS,2006.00,Role-Playing,Nintendo,6.42,4.52,6.04,1.37,18.36,4.719794344
22,Super Mario Land,GB,1989.00,Platform,Nintendo,10.83,2.71,4.18,0.42,18.14,4.663239075
23,Super Mario Bros. 3,NES,1988.00,Platform,Nintendo,9.54,3.44,3.84,0.46,17.28,4.442159383
24,Grand Theft Auto V,X360,2013.00,Action,Take-Two Interactive,9.63,5.31,0.06,1.38,16.38,4.210796915
25,Grand Theft Auto: Vice City,PS2,2002.00,Action,Take-Two Interactive,8.41,5.49,0.47,1.78,16.15,4.151670951
26,Pokemon Ruby/Pokemon Sapphire,GBA,2002.00,Role-Playing,Nintendo,6.06,3.9,5.38,0.5,15.85,4.074550129
27,Pokemon Black/Pokemon White,DS,2010.00,Role-Playing,Nintendo,5.57,3.28,5.65,0.82,15.32,3.938303342
28,Brain Age 2: More Training in Minutes a Day,DS,2005.00,Puzzle,Nintendo,3.44,5.36,5.32,1.18,15.3,3.933161954
29,Gran Turismo 3: A-Spec,PS2,2001.00,Racing,Sony Computer Entertainment,6.85,5.09,1.87,1.16,14.98,3.850899743
30,Call of Duty: Modern Warfare 3,X360,2011.00,Shooter,Activision,9.03,4.28,0.13,1.32,14.76,3.794344473
31,Pokémon Yellow: Special Pikachu Edition,GB,1998.00,Role-Playing,Nintendo,5.89,5.04,3.12,0.59,14.64,3.763496144
32,Call of Duty: Black Ops,X360,2010.00,Shooter,Activision,9.67,3.73,0.11,1.13,14.64,3.763496144
33,Pokemon X/Pokemon Y,3DS,2013.00,Role-Playing,Nintendo,5.17,4.05,4.34,0.79,14.35,3.688946015
34,Call of Duty: Black Ops 3,PS4,2015.00,Shooter,Activision,5.77,5.81,0.35,2.31,14.24,3.66066838
35,Call of Duty: Black Ops II,PS3,2012.00,Shooter,Activision,4.99,5.88,0.65,2.52,14.03,3.606683805
36,Call of Duty: Black Ops II,X360,2012.00,Shooter,Activision,8.25,4.3,0.07,1.12,13.73,3.529562982
37,Call of Duty: Modern Warfare 2,X360,2009.00,Shooter,Activision,8.52,3.63,0.08,1.29,13.51,3.473007712
38,Call of Duty: Modern Warfare 3,PS3,2011.00,Shooter,Activision,5.54,5.82,0.49,1.62,13.46,3.460154242
39,Grand Theft Auto III,PS2,2001.00,Action,Take-Two Interactive,6.99,4.51,0.3,1.3,13.1,3.367609254
40,Super Smash Bros. Brawl,Wii,2008.00,Fighting,Nintendo,6.75,2.61,2.66,1.02,13.04,3.35218509
41,Call of Duty: Black Ops,PS3,2010.00,Shooter,Activision,5.98,4.44,0.48,1.83,12.73,3.272493573
42,Animal Crossing: Wild World,DS,2005.00,Simulation,Nintendo,2.55,3.52,5.33,0.88,12.27,3.154241645
43,Mario Kart 7,3DS,2011.00,Racing,Nintendo,4.74,3.91,2.67,0.89,12.21,3.138817481
44,Halo 3,X360,2007.00,Shooter,Microsoft Game Studios,7.97,2.83,0.13,1.21,12.14,3.120822622
45,Grand Theft Auto V,PS4,2014.00,Action,Take-Two Interactive,3.8,5.81,0.36,2.02,11.98,3.079691517
46,Pokemon HeartGold/Pokemon SoulSilver,DS,2009.00,Action,Nintendo,4.4,2.77,3.96,0.77,11.9,3.059125964
47,Super Mario 64,N64,1996.00,Platform,Nintendo,6.91,2.85,1.91,0.23,11.89,3.05655527
48,Gran Turismo 4,PS2,2004.00,Racing,Sony Computer Entertainment,3.01,0.01,1.1,7.53,11.66,2.997429306
49,Super Mario Galaxy,Wii,2007.00,Platform,Nintendo,6.16,3.4,1.2,0.76,11.52,2.961439589
50,Pokemon Omega Ruby/Pokemon Alpha Sapphire,3DS,2014.00,Role-Playing,Nintendo,4.23,3.37,3.08,0.65,11.33,2.912596401
51,Super Mario Land 2: 6 Golden Coins,GB,1992.00,Adventure,Nintendo,6.16,2.04,2.69,0.29,11.18,2.87403599
52,Grand Theft Auto IV,X360,2008.00,Action,Take-Two Interactive,6.76,3.1,0.14,1.03,11.02,2.832904884
53,Gran Turismo,PS,1997.00,Racing,Sony Computer Entertainment,4.02,3.87,2.54,0.52,10.95,2.814910026
54,Super Mario 3D Land,3DS,2011.00,Platform,Nintendo,4.89,2.99,2.13,0.78,10.79,2.77377892
55,Gran Turismo 5,PS3,2010.00,Racing,Sony Computer Entertainment,2.96,4.88,0.81,2.12,10.77,2.768637532
56,Call of Duty: Modern Warfare 2,PS3,2009.00,Shooter,Activision,4.99,3.69,0.38,1.63,10.69,2.748071979
57,Grand Theft Auto IV,PS3,2008.00,Action,Take-Two Interactive,4.76,3.76,0.44,1.62,10.57,2.71722365
58,Super Mario All-Stars,SNES,1993.00,Platform,Nintendo,5.99,2.15,2.12,0.29,10.55,2.712082262
59,Pokemon FireRed/Pokemon LeafGreen,GBA,2004.00,Role-Playing,Nintendo,4.34,2.65,3.15,0.35,10.49,2.696658098
60,Super Mario 64,DS,2004.00,Platform,Nintendo,5.08,3.11,1.25,0.98,10.42,2.678663239
61,Just Dance 3,Wii,2011.00,Misc,Ubisoft,6.05,3.15,0,1.07,10.26,2.637532134
62,Call of Duty: Ghosts,X360,2013.00,Shooter,Activision,6.72,2.63,0.04,0.82,10.21,2.624678663
63,Halo: Reach,X360,2010.00,Shooter,Microsoft Game Studios,7.03,1.98,0.08,0.78,9.88,2.539845758
64,Mario Kart 64,N64,1996.00,Racing,Nintendo,5.55,1.94,2.23,0.15,9.87,2.537275064
65,New Super Mario Bros. 2,3DS,2012.00,Platform,Nintendo,3.66,3.07,2.47,0.63,9.82,2.524421594
66,Halo 4,X360,2012.00,Shooter,Microsoft Game Studios,6.63,2.36,0.04,0.73,9.76,2.508997429
67,Final Fantasy VII,PS,1997.00,Role-Playing,Sony Computer Entertainment,3.01,2.47,3.28,0.96,9.72,2.498714653
68,Call of Duty: Ghosts,PS3,2013.00,Shooter,Activision,4.09,3.73,0.38,1.38,9.59,2.46529563
69,Just Dance 2,Wii,2010.00,Misc,Ubisoft,5.84,2.89,0.01,0.78,9.52,2.447300771
70,Gran Turismo 2,PS,1999.00,Racing,Sony Computer Entertainment,3.88,3.42,1.69,0.5,9.49,2.439588689
71,Call of Duty 4: Modern Warfare,X360,2007.00,Shooter,Activision,5.91,2.38,0.13,0.9,9.32,2.395886889
72,Donkey Kong Country,SNES,1994.00,Platform,Nintendo,4.36,1.71,3,0.23,9.3,2.390745501
73,Minecraft,X360,2013.00,Misc,Microsoft Game Studios,5.58,2.83,0.02,0.77,9.2,2.36503856
74,Animal Crossing: New Leaf,3DS,2012.00,Simulation,Nintendo,2.01,2.32,4.36,0.41,9.09,2.336760925
75,Mario Party DS,DS,2007.00,Misc,Nintendo,4.46,1.88,1.98,0.7,9.02,2.318766067
76,The Elder Scrolls V: Skyrim,X360,2011.00,Role-Playing,Bethesda Softworks,5.03,2.86,0.1,0.85,8.84,2.272493573
77,Super Mario Kart,SNES,1992.00,Racing,Nintendo,3.54,1.24,3.81,0.18,8.76,2.251928021
78,FIFA 16,PS4,2015.00,Sports,Electronic Arts,1.11,6.06,0.06,1.26,8.49,2.18251928
79,Wii Party,Wii,2010.00,Misc,Nintendo,1.79,3.53,2.49,0.68,8.49,2.18251928
80,Halo 2,XB,2004.00,Shooter,Microsoft Game Studios,6.82,1.53,0.05,0.08,8.49,2.18251928
81,Mario Party 8,Wii,2007.00,Misc,Nintendo,3.81,2.3,1.58,0.73,8.42,2.164524422
82,Pokemon Black 2/Pokemon White 2,DS,2012.00,Role-Playing,Nintendo,2.91,1.86,3.14,0.43,8.33,2.141388175
83,FIFA Soccer 13,PS3,2012.00,Action,Electronic Arts,1.06,5.05,0.13,2.01,8.24,2.118251928
84,The Sims 3,PC,2009.00,Simulation,Electronic Arts,0.98,6.42,0,0.71,8.11,2.084832905
85,GoldenEye 007,N64,1997.00,Shooter,Nintendo,5.8,2.01,0.13,0.15,8.09,2.079691517
86,Mario & Sonic at the Olympic Games,Wii,2007.00,Sports,Sega,2.58,3.9,0.66,0.91,8.06,2.071979434
87,Final Fantasy X,PS2,2001.00,Role-Playing,Sony Computer Entertainment,2.91,2.07,2.73,0.33,8.05,2.06940874
88,Final Fantasy VIII,PS,1999.00,Role-Playing,SquareSoft,2.28,1.72,3.63,0.23,7.86,2.020565553
89,Pokémon Platinum Version,DS,2008.00,Role-Playing,Nintendo,2.82,1.78,2.69,0.55,7.84,2.015424165
90,Pac-Man,2600,1982.00,Puzzle,Atari,7.28,0.45,0,0.08,7.81,2.007712082
91,Grand Theft Auto: Liberty City Stories,PSP,2005.00,Action,Take-Two Interactive,2.9,2.83,0.24,1.75,7.72,1.984575835
92,Super Mario Galaxy 2,Wii,2010.00,Platform,Nintendo,3.66,2.42,0.98,0.64,7.69,1.976863753
93,Star Wars Battlefront (2015),PS4,2015.00,Shooter,Electronic Arts,2.93,3.29,0.22,1.23,7.67,1.971722365
94,Call of Duty: Advanced Warfare,PS4,2014.00,Shooter,Activision,2.8,3.3,0.14,1.37,7.6,1.953727506
95,The Legend of Zelda: Ocarina of Time,N64,1998.00,Action,Nintendo,4.1,1.89,1.45,0.16,7.6,1.953727506
96,Crash Bandicoot 2: Cortex Strikes Back,PS,1997.00,Platform,Sony Computer Entertainment,3.78,2.17,1.31,0.31,7.58,1.948586118
97,Super Mario Bros. 2,NES,1988.00,Platform,Nintendo,5.39,1.18,0.7,0.19,7.46,1.917737789
98,Super Smash Bros. for Wii U and 3DS,3DS,2014.00,Fighting,Nintendo,3.24,1.35,2.42,0.43,7.45,1.915167095
99,Call of Duty: World at War,X360,2008.00,Shooter,Activision,4.79,1.9,0,0.69,7.37,1.894601542
100,Battlefield 3,X360,2011.00,Shooter,Electronic Arts,4.46,2.13,0.06,0.69,7.34,1.88688946
101,The Legend of Zelda: Twilight Princess,Wii,2006.00,Action,Nintendo,3.83,2.19,0.6,0.7,7.31,1.879177378
102,Call of Duty: Black Ops 3,XOne,2015.00,Shooter,Activision,4.52,2.09,0.01,0.67,7.3,1.876606684
103,Just Dance,Wii,2009.00,Misc,Ubisoft,3.51,3.03,0,0.73,7.27,1.868894602
104,Battlefield 3,PS3,2011.00,Shooter,Electronic Arts,2.85,2.93,0.35,1.1,7.23,1.858611825
105,Need for Speed Underground,PS2,2003.00,Racing,Electronic Arts,3.27,2.83,0.08,1.02,7.2,1.850899743
106,Tekken 3,PS,1998.00,Fighting,Sony Computer Entertainment,3.27,2.22,1.4,0.29,7.16,1.840616967
107,Crash Bandicoot 3: Warped,PS,1998.00,Platform,Sony Computer Entertainment,3.68,1.75,1.42,0.28,7.13,1.832904884
108,Super Smash Bros. Melee,GC,2001.00,Fighting,Nintendo,4.41,1.04,1.39,0.22,7.07,1.81748072
109,Mario Kart 8,WiiU,2014.00,Racing,Nintendo,3.13,2.07,1.27,0.49,6.96,1.789203085
110,Fallout 4,PS4,2015.00,Role-Playing,Bethesda Softworks,2.47,3.15,0.24,1.1,6.96,1.789203085
111,Mario Kart: Double Dash!!,GC,2003.00,Racing,Nintendo,4.12,1.77,0.87,0.19,6.95,1.786632391
112,Just Dance 4,Wii,2012.00,Misc,Ubisoft,4.14,2.21,0,0.56,6.91,1.776349614
113,FIFA 14,PS3,2013.00,Sports,Electronic Arts,0.78,4.32,0.07,1.73,6.9,1.77377892
114,Need for Speed Underground 2,PS2,2004.00,Racing,Electronic Arts,2.71,3.02,0.08,1.09,6.9,1.77377892
115,Medal of Honor: Frontline,PS2,2002.00,Shooter,Electronic Arts,2.93,2.75,0.17,0.99,6.83,1.755784062
116,Uncharted 3: Drake's Deception,PS3,2011.00,Action,Sony Computer Entertainment,2.77,2.8,0.19,1.06,6.83,1.755784062
117,Crash Bandicoot,PS,1996.00,Platform,Sony Computer Entertainment,3.23,2.35,0.94,0.3,6.82,1.753213368
118,Zumba Fitness,Wii,2010.00,Sports,505 Games,3.5,2.64,0,0.67,6.81,1.750642674
119,Gears of War 2,X360,2008.00,Shooter,Microsoft Game Studios,4.15,1.92,0.06,0.64,6.76,1.737789203
120,Uncharted 2: Among Thieves,PS3,2009.00,Action,Sony Computer Entertainment,3.27,2.25,0.21,1,6.73,1.730077121
121,Call of Duty 4: Modern Warfare,PS3,2007.00,Shooter,Activision,3.1,2.3,0.28,1.04,6.72,1.727506427
122,FIFA 12,PS3,2011.00,Sports,Electronic Arts,0.84,4.32,0.11,1.42,6.69,1.719794344
123,Big Brain Academy,DS,2005.00,Misc,Nintendo,1.67,2.78,1.6,0.62,6.67,1.714652956
124,Red Dead Redemption,PS3,2010.00,Action,Take-Two Interactive,2.79,2.61,0.17,1.03,6.6,1.696658098
126,Donkey Kong Country Returns,Wii,2010.00,Platform,Nintendo,3.25,1.84,1.03,0.47,6.59,1.694087404
125,FIFA 15,PS4,2014.00,Sports,Electronic Arts,0.79,4.29,0.05,1.47,6.59,1.694087404
127,The Elder Scrolls V: Skyrim,PS3,2011.00,Role-Playing,Bethesda Softworks,2.55,2.71,0.25,1.05,6.56,1.686375321
128,The Legend of Zelda,NES,1986.00,Action,Nintendo,3.74,0.93,1.69,0.14,6.51,1.673521851
129,Assassin's Creed III,PS3,2012.00,Action,Ubisoft,2.64,2.56,0.16,1.14,6.5,1.670951157
130,Halo: Combat Evolved,XB,2001.00,Shooter,Microsoft Game Studios,4.98,1.3,0.08,0.07,6.43,1.652956298
131,Pokémon Emerald Version,GBA,2004.00,Role-Playing,Nintendo,2.57,1.58,2.06,0.21,6.41,1.64781491
132,Kingdom Hearts,PS2,2002.00,Role-Playing,Sony Computer Entertainment,3.64,1.2,1.49,0.07,6.4,1.645244216
133,Pokémon Crystal Version,GB,2000.00,Role-Playing,Nintendo,2.55,1.56,1.29,0.99,6.39,1.642673522
134,Halo 3: ODST,X360,2009.00,Shooter,Microsoft Game Studios,4.34,1.35,0.06,0.61,6.36,1.63496144
135,Red Dead Redemption,X360,2010.00,Action,Take-Two Interactive,3.7,1.97,0.09,0.57,6.34,1.629820051
136,Super Mario Sunshine,GC,2002.00,Platform,Nintendo,4.01,1.26,0.87,0.17,6.31,1.622107969
137,Street Fighter II: The World Warrior,SNES,1992.00,Fighting,Capcom,2.47,0.83,2.87,0.12,6.3,1.619537275
138,World of Warcraft,PC,2004.00,Role-Playing,Activision,0.07,6.21,0,0,6.28,1.614395887
139,Driver,PS,1999.00,Action,GT Interactive,3.11,2.8,0.02,0.33,6.27,1.611825193
140,Kinect Sports,X360,2010.00,Sports,Microsoft Game Studios,3.92,1.78,0.03,0.51,6.24,1.604113111
141,Gears of War 3,X360,2011.00,Shooter,Microsoft Game Studios,4.05,1.62,0.07,0.49,6.24,1.604113111
142,Gears of War,X360,2006.00,Shooter,Microsoft Game Studios,3.54,1.9,0.07,0.6,6.11,1.570694087
143,Metal Gear Solid 2: Sons of Liberty,PS2,2001.00,Action,Konami Digital Entertainment,2.45,2.01,0.87,0.72,6.05,1.555269923
146,Metal Gear Solid,PS,1998.00,Action,Konami Digital Entertainment,3.18,1.83,0.78,0.24,6.03,1.550128535
145,Metal Gear Solid 4: Guns of the Patriots,PS3,2008.00,Action,Konami Digital Entertainment,2.63,1.74,0.83,0.83,6.03,1.550128535
144,Sonic the Hedgehog 2,GEN,1992.00,Platform,Sega,4.47,1.2,0.16,0.19,6.03,1.550128535
147,The Last of Us,PS3,2013.00,Action,Sony Computer Entertainment Europe,2.41,2.28,0.28,1.01,5.99,1.539845758
148,Final Fantasy XII,PS2,2006.00,Role-Playing,Square Enix,1.88,0,2.33,1.74,5.95,1.529562982
149,LittleBigPlanet,PS3,2008.00,Platform,Sony Computer Entertainment,2.8,2.05,0.17,0.9,5.92,1.5218509
150,Dragon Quest IX: Sentinels of the Starry Skies,DS,2009.00,Role-Playing,Nintendo,0.66,0.69,4.35,0.15,5.84,1.501285347
151,LEGO Star Wars: The Complete Saga,Wii,2007.00,Action,LucasArts,3.66,1.63,0,0.53,5.83,1.498714653
152,Resident Evil 2,PS,1998.00,Action,Virgin Interactive,1.88,1.47,2.02,0.45,5.82,1.496143959
153,Tekken 2,PS,1996.00,Fighting,Sony Computer Entertainment,2.26,1.89,1.36,0.23,5.74,1.475578406
154,Cooking Mama,DS,2006.00,Simulation,505 Games,3.13,1.94,0.07,0.58,5.72,1.470437018
155,Destiny,PS4,2014.00,Shooter,Activision,2.49,2.05,0.16,0.96,5.65,1.452442159
156,Tetris,NES,1988.00,Puzzle,Nintendo,2.97,0.69,1.81,0.11,5.58,1.434447301
157,Assassin's Creed II,PS3,2009.00,Action,Ubisoft,2.54,1.95,0.21,0.87,5.57,1.431876607
158,Super Smash Bros.,N64,1999.00,Fighting,Nintendo,2.95,0.6,1.97,0.04,5.55,1.426735219
159,Assassin's Creed,X360,2007.00,Adventure,Ubisoft,3.28,1.65,0.07,0.55,5.55,1.426735219
160,Batman: Arkham City,PS3,2011.00,Action,Warner Bros. Interactive Entertainment,2.7,1.91,0.11,0.8,5.53,1.42159383
161,Forza Motorsport 3,X360,2009.00,Racing,Microsoft Game Studios,2.99,1.92,0.1,0.51,5.51,1.416452442
162,Monster Hunter Freedom Unite,PSP,2008.00,Role-Playing,Capcom,0.47,0.57,4.13,0.34,5.5,1.413881748
163,Super Mario Advance,GBA,2001.00,Platform,Nintendo,3.14,1.24,0.91,0.2,5.49,1.411311054
164,Mario Kart: Super Circuit,GBA,2001.00,Racing,Nintendo,2.62,1.64,0.99,0.23,5.47,1.406169666
165,Super Mario World,GBA,2001.00,Platform,Nintendo,3.21,1.11,0.95,0.2,5.46,1.403598972
166,Pokemon Stadium,N64,1999.00,Strategy,Nintendo,3.18,1.24,0.94,0.09,5.45,1.401028278
167,Call of Duty: World at War,PS3,2008.00,Shooter,Activision,2.72,1.87,0,0.84,5.43,1.395886889
168,Crash Bandicoot: The Wrath of Cortex,PS2,2001.00,Platform,Universal Interactive,2.07,2.29,0.24,0.82,5.42,1.393316195
169,Minecraft,PS3,2014.00,Misc,Sony Computer Entertainment,1.97,2.51,0,0.94,5.42,1.393316195
170,Final Fantasy XIII,PS3,2009.00,Role-Playing,Square Enix,1.74,1.24,1.87,0.52,5.36,1.377892031
171,Dr. Mario,GB,1989.00,Puzzle,Nintendo,2.18,0.96,2,0.2,5.34,1.372750643
172,Pokemon Pinball,GB,1999.00,Misc,Nintendo,3.02,1.12,1.01,0.16,5.31,1.36503856
174,Final Fantasy IX,PS,2000.00,Role-Playing,SquareSoft,1.62,0.77,2.78,0.14,5.3,1.362467866
173,Assassin's Creed III,X360,2012.00,Action,Ubisoft,3.13,1.71,0.03,0.44,5.3,1.362467866
175,Final Fantasy X-2,PS2,2003.00,Role-Playing,Electronic Arts,1.92,1.08,2.11,0.17,5.29,1.359897172
176,Donkey Kong 64,N64,1999.00,Platform,Nintendo,3.33,0.79,1.09,0.06,5.27,1.354755784
177,Assassin's Creed II,X360,2009.00,Action,Ubisoft,3.1,1.56,0.08,0.51,5.27,1.354755784
178,Professor Layton and the Curious Village,DS,2007.00,Puzzle,Nintendo,1.22,2.48,1.03,0.52,5.26,1.35218509
179,Tomb Raider II,PS,1997.00,Action,Eidos Interactive,2.3,2.46,0.2,0.28,5.24,1.347043702
180,Madden NFL 2004,PS2,,Sports,Electronic Arts,4.26,0.26,0.01,0.71,5.23,1.344473008
181,Dragon Quest VIII: Journey of the Cursed King,PS2,2004.00,Role-Playing,Square Enix,0.65,0.75,3.61,0.2,5.21,1.33933162
183,Super Mario Bros. 3,GBA,2003.00,Platform,Nintendo,2.93,1.25,0.83,0.2,5.2,1.336760925
182,Diablo III,PC,2012.00,Role-Playing,Activision,2.43,2.15,0,0.62,5.2,1.336760925
184,New Super Mario Bros. U,WiiU,2012.00,Platform,Nintendo,2.32,1.3,1.27,0.31,5.19,1.334190231
185,Super Mario Land 3: Wario Land,GB,1994.00,Platform,Nintendo,2.49,0.98,1.57,0.15,5.19,1.334190231
186,FIFA Soccer 13,X360,2012.00,Action,Electronic Arts,1.08,3.48,0.03,0.58,5.18,1.331619537
187,The Legend of Zelda: Phantom Hourglass,DS,2007.00,Action,Nintendo,1.9,1.83,0.95,0.49,5.17,1.329048843
188,Donkey Kong Country 2: Diddy's Kong Quest,SNES,1995.00,Platform,Nintendo,2.1,0.74,2.2,0.11,5.15,1.323907455
189,Tomodachi Life,3DS,2013.00,Simulation,Nintendo,0.96,2.02,1.89,0.28,5.15,1.323907455
190,Mario & Sonic at the Olympic Games,DS,2008.00,Sports,Sega,1.64,2.48,0.44,0.58,5.14,1.321336761
194,Call of Duty: Advanced Warfare,XOne,2014.00,Shooter,Activision,3.21,1.53,0.01,0.38,5.13,1.318766067
193,Fable III,X360,2010.00,Role-Playing,Microsoft Game Studios,3.59,1.11,0.05,0.38,5.13,1.318766067
192,Kirby's Dream Land,GB,1992.00,Platform,Nintendo,2.71,0.61,1.7,0.11,5.13,1.318766067
191,Medal of Honor: Rising Sun,PS2,2003.00,Shooter,Electronic Arts,1.98,2.23,0.13,0.8,5.13,1.318766067
195,Microsoft Flight Simulator,PC,1996.00,Simulation,Microsoft Game Studios,3.22,1.69,0,0.2,5.12,1.316195373
196,Guitar Hero II,PS2,2006.00,Misc,RedOctane,3.81,0.63,0,0.68,5.12,1.316195373
197,Resident Evil 5,PS3,2009.00,Action,Capcom,1.96,1.43,1.08,0.65,5.11,1.313624679
198,Grand Theft Auto V,XOne,2014.00,Action,Take-Two Interactive,2.66,2.01,0,0.41,5.08,1.305912596
199,Grand Theft Auto: Vice City Stories,PSP,2006.00,Action,Take-Two Interactive,1.7,2.02,0.16,1.21,5.08,1.305912596
200,FIFA Soccer 11,PS3,2010.00,Sports,Electronic Arts,0.6,3.29,0.06,1.13,5.08,1.305912596
201,Super Mario Bros.,GB,1999.00,Platform,Nintendo,3.4,1.3,0.15,0.22,5.07,1.303341902
202,Resident Evil,PS,1996.00,Action,Virgin Interactive,2.05,1.16,1.11,0.73,5.05,1.298200514
203,Tony Hawk's Pro Skater,PS,1999.00,Sports,Activision,3.42,1.38,0.02,0.2,5.02,1.290488432
204,Super Smash Bros. for Wii U and 3DS,WiiU,2014.00,Fighting,Nintendo,2.59,1.06,0.8,0.57,5.02,1.290488432
205,Warzone 2100,PS,1999.00,Strategy,Eidos Interactive,2.79,1.89,0,0.33,5.01,1.287917738
206,Spyro the Dragon,PS,1998.00,Platform,Sony Computer Entertainment,3.36,1.36,0.07,0.21,5,1.285347044
207,Link's Crossbow Training,Wii,2007.00,Shooter,Nintendo,3.06,1.18,0.29,0.46,5,1.285347044
208,Guitar Hero III: Legends of Rock,PS2,2007.00,Misc,Activision,3.49,0.01,0.01,1.48,4.98,1.280205656
209,Fallout 3,X360,2008.00,Role-Playing,Bethesda Softworks,3.39,1.03,0.09,0.44,4.96,1.275064267
210,Pokemon Mystery Dungeon: Explorers of Time/Explorers of Darkness,DS,2007.00,Role-Playing,Nintendo,1.85,1.2,1.54,0.37,4.96,1.275064267
211,Uncharted: Drake's Fortune,PS3,2007.00,Action,Sony Computer Entertainment,2.31,1.73,0.12,0.78,4.94,1.269922879
212,Madden NFL 06,PS2,2005.00,Sports,Electronic Arts,3.98,0.26,0.01,0.66,4.91,1.262210797
213,LEGO Star Wars: The Complete Saga,DS,2007.00,Action,LucasArts,2.89,1.54,0,0.46,4.9,1.259640103
214,Diddy Kong Racing,N64,1997.00,Racing,Nintendo,2.91,0.99,0.89,0.1,4.88,1.254498715
215,Monster Hunter Freedom 3,PSP,2010.00,Role-Playing,Capcom,0,0,4.87,0,4.87,1.251928021
216,Dr. Mario,NES,1990.00,Puzzle,Nintendo,2.62,0.6,1.52,0.1,4.85,1.246786632
217,God of War III,PS3,2010.00,Action,Sony Computer Entertainment,2.74,1.36,0.12,0.63,4.84,1.244215938
218,StarCraft II: Wings of Liberty,PC,2010.00,Strategy,Activision,2.56,1.68,0,0.59,4.83,1.241645244
219,Assassin's Creed,PS3,2007.00,Adventure,Ubisoft,1.91,2,0.09,0.83,4.83,1.241645244
220,FIFA 15,PS3,2014.00,Sports,Electronic Arts,0.57,3.14,0.04,1.07,4.82,1.23907455
221,Crash Team Racing,PS,1999.00,Racing,Sony Computer Entertainment,2.57,1.57,0.44,0.21,4.79,1.231362468
222,FIFA 17,PS4,2016.00,Sports,Electronic Arts,0.28,3.75,0.06,0.69,4.77,1.22622108
223,Batman: Arkham City,X360,2011.00,Action,Warner Bros. Interactive Entertainment,2.99,1.31,0.04,0.41,4.76,1.223650386
224,Driver 2,PS,2000.00,Action,Atari,2.36,2.1,0.02,0.25,4.73,1.215938303
225,The Simpsons: Hit & Run,PS2,2003.00,Racing,Vivendi Games,1.73,2.19,0,0.79,4.7,1.208226221
226,Tony Hawk's Pro Skater 2,PS,2000.00,Sports,Activision,3.05,1.41,0.02,0.2,4.68,1.203084833
227,Animal Crossing: City Folk,Wii,2008.00,Simulation,Nintendo,1.87,1.12,1.32,0.37,4.68,1.203084833
228,The Lord of the Rings: The Two Towers,PS2,2002.00,Action,Electronic Arts,1.94,1.95,0.08,0.7,4.67,1.200514139
229,Forza Motorsport 4,X360,2011.00,Racing,Microsoft Game Studios,2.08,2.04,0.06,0.47,4.64,1.192802057
230,Tomb Raider,PS,1996.00,Action,Eidos Interactive,2.29,1.97,0.13,0.24,4.63,1.190231362
231,Guitar Hero III: Legends of Rock,Wii,2007.00,Misc,Activision,3.06,1.12,0,0.44,4.62,1.187660668
232,The Legend of Zelda: A Link to the Past,SNES,1991.00,Action,Nintendo,2.42,0.91,1.15,0.13,4.61,1.185089974
233,The Legend of Zelda: The Wind Waker,GC,2002.00,Action,Nintendo,2.6,0.99,0.89,0.13,4.6,1.18251928
234,Mario & Sonic at the Olympic Winter Games,Wii,2009.00,Sports,Sega,1.89,1.99,0.22,0.48,4.58,1.177377892
235,Luigi's Mansion: Dark Moon,3DS,2013.00,Action,Nintendo,1.78,1.39,1.1,0.3,4.58,1.177377892
236,Splatoon,WiiU,2015.00,Shooter,Nintendo,1.55,1.15,1.44,0.43,4.57,1.174807198
237,The Last of Us,PS4,2014.00,Action,Sony Computer Entertainment,1.78,1.87,0.07,0.82,4.55,1.16966581
238,Guitar Hero III: Legends of Rock,X360,2007.00,Misc,Activision,3.19,0.92,0.01,0.42,4.53,1.164524422
239,Madden NFL 2005,PS2,2004.00,Sports,Electronic Arts,4.18,0.26,0.01,0.08,4.53,1.164524422
240,Pitfall!,2600,1981.00,Platform,Activision,4.21,0.24,0,0.05,4.5,1.156812339
241,Madden NFL 07,PS2,2006.00,Sports,Electronic Arts,3.63,0.24,0.01,0.61,4.49,1.154241645
242,Spider-Man: The Movie,PS2,2002.00,Action,Activision,2.71,1.51,0.03,0.23,4.48,1.151670951
243,Dragon Quest VII: Warriors of Eden,PS,2000.00,Role-Playing,Enix Corporation,0.2,0.14,4.1,0.02,4.47,1.149100257
244,Uncharted: The Nathan Drake Collection,PS4,2015.00,Action,Sony Computer Entertainment,1.96,1.69,0.08,0.74,4.47,1.149100257
246,God of War,PS2,2005.00,Action,Sony Computer Entertainment,2.71,1.29,0.02,0.43,4.45,1.143958869
245,Call of Duty: Advanced Warfare,PS3,2014.00,Shooter,Activision,1.54,1.94,0.19,0.77,4.45,1.143958869
247,Nintendo Land,WiiU,2012.00,Misc,Nintendo,2.55,1.11,0.46,0.33,4.44,1.141388175
248,Michael Jackson: The Experience,Wii,2010.00,Misc,Ubisoft,2.67,1.35,0.01,0.39,4.42,1.136246787
249,Tony Hawk's Pro Skater 3,PS2,2001.00,Sports,Activision,2.66,1.29,0.01,0.46,4.41,1.133676093
251,The Elder Scrolls IV: Oblivion,X360,2006.00,Role-Playing,Take-Two Interactive,2.82,1.05,0.13,0.4,4.39,1.128534704
250,Winning Eleven: Pro Evolution Soccer 2007,PS2,2006.00,Sports,Konami Digital Entertainment,0.1,2.39,1.05,0.86,4.39,1.128534704
252,Zelda II: The Adventure of Link,NES,1987.00,Adventure,Nintendo,2.19,0.5,1.61,0.08,4.38,1.12596401
253,Need for Speed: Most Wanted,PS2,2005.00,Racing,Electronic Arts,2.03,1.79,0.08,0.47,4.37,1.123393316
254,Resistance: Fall of Man,PS3,2006.00,Shooter,Sony Computer Entertainment,1.73,1.73,0.14,0.75,4.35,1.118251928
255,Sonic the Hedgehog,GEN,1991.00,Platform,Sega,3.03,0.91,0.26,0.13,4.34,1.115681234
256,Kingdom Hearts II,PS2,2005.00,Role-Playing,Square Enix,2.2,0.58,1.38,0.17,4.33,1.11311054
259,Asteroids,2600,1980.00,Shooter,Atari,4,0.26,0,0.05,4.31,1.107969152
260,Fable II,X360,2008.00,Role-Playing,Microsoft Game Studios,2.51,1.27,0.11,0.41,4.31,1.107969152
258,Call of Duty: Advanced Warfare,X360,2014.00,Shooter,Activision,2.75,1.18,0,0.37,4.31,1.107969152
257,FIFA 14,X360,2013.00,Sports,Electronic Arts,0.92,2.93,0.01,0.46,4.31,1.107969152
261,Halo 5: Guardians,XOne,2015.00,Shooter,Microsoft Game Studios,2.64,1.2,0.03,0.39,4.26,1.095115681
263,Batman: Arkham Asylum,PS3,2009.00,Action,Eidos Interactive,2.23,1.34,0.07,0.61,4.25,1.092544987
262,Super Mario 3D World,WiiU,2013.00,Platform,Nintendo,2.11,1.11,0.72,0.3,4.25,1.092544987
265,Namco Museum,GBA,2001.00,Misc,Namco Bandai Games,3,1.11,0.05,0.07,4.24,1.089974293
264,Assassin's Creed: Revelations,PS3,2011.00,Action,Ubisoft,1.41,2.02,0.1,0.72,4.24,1.089974293
266,Metal Gear Solid 3: Snake Eater,PS2,2004.00,Action,Konami Digital Entertainment,1.46,0,0.83,1.93,4.23,1.087403599
267,Daxter,PSP,2006.00,Platform,Sony Computer Entertainment,2.45,1.02,0,0.75,4.22,1.084832905
269,The Legend of Zelda: Ocarina of Time,3DS,2011.00,Action,Nintendo,2.03,1.27,0.62,0.3,4.21,1.082262211
270,FIFA Soccer 06,PS2,2005.00,Sports,Electronic Arts,0.78,2.55,0.04,0.84,4.21,1.082262211
268,Warcraft II: Tides of Darkness,PC,1995.00,Strategy,Activision,1.7,2.27,0,0.23,4.21,1.082262211
271,EyeToy Play,PS2,2003.00,Misc,Sony Computer Entertainment,0.88,2.3,0.2,0.83,4.2,1.079691517
272,Uncharted 4: A Thief's End,PS4,2016.00,Shooter,Sony Computer Entertainment,1.3,2.07,0.18,0.65,4.2,1.079691517
273,Gran Turismo 5 Prologue,PS3,2007.00,Racing,Sony Computer Entertainment,1.28,1.83,0.57,0.53,4.2,1.079691517
274,Assassin's Creed: Revelations,X360,2011.00,Action,Ubisoft,2.25,1.47,0.04,0.43,4.19,1.077120823
275,Street Fighter IV,PS3,2009.00,Fighting,Capcom,2.02,1.06,0.58,0.53,4.19,1.077120823
276,FIFA 12,X360,2011.00,Sports,Electronic Arts,0.84,2.79,0.02,0.53,4.19,1.077120823
277,Teenage Mutant Ninja Turtles,NES,1989.00,Action,Palcom,3.38,0.44,0.31,0.04,4.17,1.071979434
279,Frogger,PS,1997.00,Action,Hasbro Interactive,3.79,0.27,0,0.11,4.16,1.06940874
278,Excitebike,NES,1984.00,Racing,Nintendo,2.04,0.48,1.57,0.07,4.16,1.06940874
281,Watch Dogs,PS4,2014.00,Action,Ubisoft,1.4,1.86,0.11,0.77,4.14,1.064267352
280,Madden NFL 2003,PS2,2002.00,Sports,Electronic Arts,3.36,0.21,0.01,0.56,4.14,1.064267352
282,Half-Life,PC,1997.00,Shooter,Vivendi Games,4.03,0,0.09,0,4.12,1.059125964
283,Super Mario World 2: Yoshi's Island,SNES,1995.00,Platform,Nintendo,1.65,0.61,1.76,0.09,4.12,1.059125964
284,FIFA Soccer 07,PS2,2006.00,Sports,Electronic Arts,0.71,2.48,0.03,0.89,4.11,1.05655527
285,The Legend of Zelda: Skyward Sword,Wii,2011.00,Action,Nintendo,2.14,1.2,0.37,0.4,4.1,1.053984576
286,Street Fighter II Turbo,SNES,1992.00,Fighting,Capcom,1.42,0.51,2.1,0.07,4.1,1.053984576
287,Carnival Games,Wii,2007.00,Misc,Take-Two Interactive,2.13,1.5,0.05,0.42,4.1,1.053984576
289,World of Warcraft: The Burning Crusade,PC,2007.00,Role-Playing,Activision,2.57,1.52,0,0,4.09,1.051413882
288,Fallout 4,XOne,2015.00,Role-Playing,Bethesda Softworks,2.45,1.26,0.01,0.37,4.09,1.051413882
290,Fallout: New Vegas,X360,2010.00,Role-Playing,Bethesda Softworks,2.65,1.06,0.04,0.33,4.08,1.048843188
291,God of War II,PS2,2007.00,Action,Sony Computer Entertainment,2.32,0.04,0.04,1.67,4.07,1.046272494
292,Forza Motorsport 2,X360,2007.00,Racing,Microsoft Game Studios,2.35,1.28,0.03,0.41,4.06,1.043701799
293,World Soccer Winning Eleven 9,PS2,2005.00,Sports,Konami Digital Entertainment,0.12,2.26,0.9,0.77,4.06,1.043701799
294,Namco Museum Vol.3,PS,1996.00,Misc,Sony Computer Entertainment,2.28,1.55,0.16,0.06,4.05,1.041131105
295,Tekken Tag Tournament,PS2,2000.00,Fighting,Namco Bandai Games,1.68,1.51,0.51,0.35,4.05,1.041131105
297,Star Fox 64,N64,1997.00,Shooter,Nintendo,2.78,0.58,0.64,0.04,4.03,1.035989717
296,Far Cry 4,PS4,2014.00,Shooter,Ubisoft,1.12,2.12,0.1,0.69,4.03,1.035989717
298,Minecraft,PS4,2014.00,Misc,Sony Computer Entertainment Europe,1.38,1.87,0.12,0.65,4.02,1.033419023
299,Golf,NES,1984.00,Sports,Nintendo,1.22,0.28,2.46,0.04,4.01,1.030848329
300,Fallout 3,PS3,2008.00,Role-Playing,Bethesda Softworks,2.15,1.2,0.07,0.59,4.01,1.030848329
301,Professor Layton and the Diabolical Box,DS,2007.00,Puzzle,Nintendo,0.92,1.78,0.92,0.37,4,1.028277635
302,Left 4 Dead 2,X360,2009.00,Shooter,Electronic Arts,2.67,0.89,0.05,0.37,3.99,1.025706941
303,Namco Museum: 50th Anniversary,PS2,2005.00,Misc,Namco Bandai Games,2.08,1.35,0,0.54,3.98,1.023136247
304,EA Sports Active,Wii,2009.00,Sports,Electronic Arts,2.1,1.36,0.06,0.4,3.92,1.007712082
305,Assassin's Creed: Unity,PS4,2014.00,Action,Ubisoft,1.18,1.96,0.08,0.7,3.92,1.007712082
306,Donkey Kong Land,GB,1994.00,Platform,Nintendo,1.97,0.76,1.07,0.11,3.91,1.005141388
307,Tony Hawk's Underground,PS2,2003.00,Sports,Activision,2.29,1.17,0.01,0.42,3.9,1.002570694
309,Monster Hunter 4 Ultimate,3DS,2014.00,Role-Playing,Nintendo,0.67,0.49,2.62,0.11,3.89,1
308,Assassin's Creed IV: Black Flag,PS3,2013.00,Action,Ubisoft,1.33,1.71,0.13,0.73,3.89,1
311,The Elder Scrolls V: Skyrim,PC,2011.00,Role-Playing,Bethesda Softworks,1.15,2.09,0,0.64,3.88,0.997429306
310,MotorStorm,PS3,2006.00,Racing,Sony Computer Entertainment,1.53,1.61,0.06,0.67,3.88,0.997429306
314,Sports Champions,PS3,2010.00,Sports,Sony Computer Entertainment,2.12,1.14,0.1,0.51,3.87,0.994858612
313,Dragon Warrior III,NES,1988.00,Role-Playing,Enix Corporation,0.1,0,3.77,0,3.87,0.994858612
312,Tekken 5,PS2,2005.00,Fighting,Namco Bandai Games,0.93,1.94,0.31,0.7,3.87,0.994858612
315,NBA 2K16,PS4,2015.00,Sports,Take-Two Interactive,2.48,0.65,0.03,0.69,3.85,0.989717224
316,World Soccer Winning Eleven 8 International,PS2,2004.00,Sports,Konami Digital Entertainment,0.16,1.89,1.12,0.68,3.85,0.989717224
317,Flash Focus: Vision Training in Minutes a Day,DS,2007.00,Misc,Nintendo,0.87,1.57,1.05,0.35,3.84,0.98714653
318,Namco Museum Vol.1,PS,1995.00,Misc,Sony Computer Entertainment,2.12,1.44,0.22,0.06,3.84,0.98714653
320,Mario & Luigi: Bowser's Inside Story,DS,2009.00,Role-Playing,Nintendo,2.26,0.48,0.81,0.27,3.83,0.984575835
319,The Legend of Zelda: Link's Awakening,GB,1992.00,Action,Nintendo,2.21,0.96,0.54,0.13,3.83,0.984575835
321,Big Brain Academy: Wii Degree,Wii,2007.00,Misc,Nintendo,1.06,1.93,0.41,0.43,3.82,0.982005141
322,Nintendogs + cats,3DS,2011.00,Simulation,Nintendo,1.44,1.37,0.73,0.27,3.81,0.979434447
323,Batman: Arkham Knight,PS4,2015.00,Action,Warner Bros. Interactive Entertainment,1.49,1.58,0.1,0.61,3.79,0.974293059
324,Mario & Sonic at the London 2012 Olympic Games,Wii,2011.00,Sports,Sega,1.14,1.91,0.27,0.46,3.78,0.971722365
325,LEGO Indiana Jones: The Original Adventures,X360,2008.00,Action,Activision,2.4,1.03,0,0.36,3.78,0.971722365
326,Resident Evil Director's Cut,PS,1996.00,Action,Virgin Interactive,1.82,1.24,0.47,0.25,3.77,0.969151671
327,Ratchet & Clank: Size Matters,PSP,2007.00,Platform,Sony Computer Entertainment,1.4,1.4,0.1,0.87,3.77,0.969151671
329,The Sims: Unleashed,PC,2002.00,Simulation,Electronic Arts,2.03,1.56,0,0.17,3.76,0.966580977
328,Just Dance 2014,Wii,2013.00,Misc,Ubisoft,1.98,1.47,0,0.32,3.76,0.966580977
330,Super Paper Mario,Wii,2007.00,Platform,Nintendo,1.98,0.88,0.59,0.32,3.76,0.966580977
331,Harry Potter and the Sorcerer's Stone,PS,2001.00,Action,Electronic Arts,1.37,2,0.14,0.22,3.73,0.958868895
332,The Witcher 3: Wild Hunt,PS4,2015.00,Role-Playing,Namco Bandai Games,0.96,2,0.21,0.56,3.73,0.958868895
333,Resident Evil 3: Nemesis,PS,1999.00,Action,Eidos Interactive,1.3,0.77,1.54,0.11,3.72,0.956298201
334,Spyro: Year of the Dragon,PS,2000.00,Platform,Sony Computer Entertainment,1.93,1.58,0,0.19,3.71,0.953727506
335,FIFA Soccer 2005,PS2,2004.00,Sports,Electronic Arts,0.58,2.48,0.04,0.59,3.7,0.951156812
336,Pokémon Trading Card Game,GB,1998.00,Strategy,Nintendo,1.49,0.73,1.38,0.1,3.7,0.951156812
338,MySims,DS,2007.00,Simulation,Electronic Arts,1.59,1.61,0.08,0.41,3.69,0.948586118
337,Battlefield 4,PS3,2013.00,Shooter,Electronic Arts,1.3,1.51,0.27,0.61,3.69,0.948586118
340,Tony Hawk's Pro Skater 4,PS2,2002.00,Sports,Activision,2.13,1.18,0.01,0.35,3.67,0.94344473
339,Friend Collection,DS,2009.00,Misc,Nintendo,0,0,3.67,0,3.67,0.94344473
341,Midnight Club 3: DUB Edition,PSP,2005.00,Racing,Take-Two Interactive,1.65,1.22,0,0.79,3.66,0.940874036
342,Banjo-Kazooie,N64,1998.00,Platform,Nintendo,1.87,1.13,0.55,0.1,3.65,0.938303342
343,SOCOM: U.S. Navy SEALs,PS2,2002.00,Shooter,Sony Computer Entertainment,2.53,0.81,0.06,0.24,3.65,0.938303342
344,Guitar Hero: World Tour,Wii,2008.00,Misc,Activision,2.33,0.97,0,0.35,3.65,0.938303342
346,Jak and Daxter: The Precursor Legacy,PS2,2001.00,Platform,Sony Computer Entertainment,2.08,1.09,0.15,0.33,3.64,0.935732648
345,Gran Turismo 6,PS3,2013.00,Racing,Sony Computer Entertainment,0.71,1.8,0.4,0.74,3.64,0.935732648
350,Call of Duty: Ghosts,PS4,2013.00,Shooter,Activision,1.78,1.42,0.05,0.38,3.63,0.933161954
347,Pokemon Snap,N64,1999.00,Simulation,Nintendo,2.23,0.68,0.66,0.06,3.63,0.933161954
348,FIFA Soccer 10,PS3,2009.00,Sports,Electronic Arts,0.6,2.46,0.05,0.52,3.63,0.933161954
349,Pro Evolution Soccer 2008,PS2,2007.00,Sports,Konami Digital Entertainment,0.05,0,0.64,2.93,3.63,0.933161954
351,Resident Evil 4,PS2,2005.00,Action,Capcom,2.08,0.83,0.46,0.25,3.62,0.93059126
352,Tom Clancy's The Division,PS4,2016.00,Shooter,Ubisoft,1.28,1.61,0.15,0.57,3.61,0.928020566
353,Star Wars: Battlefront,PS2,2004.00,Shooter,LucasArts,1.93,1.22,0.03,0.44,3.61,0.928020566
354,Doom II: Hell on Earth,PC,1994.00,Shooter,Virgin Interactive,2.05,1.4,0,0.16,3.61,0.928020566
355,The Simpsons: Road Rage,PS2,2001.00,Racing,Electronic Arts,2.02,1.17,0,0.42,3.61,0.928020566
356,Cooking Mama 2: Dinner With Friends,DS,2007.00,Simulation,505 Games,1.61,1.5,0.1,0.39,3.61,0.928020566
357,Luigi's Mansion,GC,2001.00,Action,Nintendo,2.38,0.67,0.46,0.1,3.6,0.925449871
358,Star Wars: Battlefront II,PS2,2005.00,Shooter,LucasArts,2.18,1.02,0.03,0.37,3.59,0.922879177
359,WWF SmackDown!,PS,2000.00,Fighting,THQ,2.01,1.35,0.06,0.16,3.58,0.920308483
360,Croc: Legend of the Gobbos,PS,1997.00,Platform,Fox Interactive,1.57,1.79,0,0.2,3.56,0.915167095
363,Tomb Raider III: Adventures of Lara Croft,PS,1997.00,Action,Eidos Interactive,1.66,1.58,0.12,0.18,3.54,0.910025707
361,Grand Theft Auto: Liberty City Stories,PS2,2006.00,Action,Take-Two Interactive,1.56,1.4,0.07,0.5,3.54,0.910025707
362,The Getaway,PS2,2002.00,Action,Sony Computer Entertainment,1.23,1.77,0.05,0.49,3.54,0.910025707
367,FIFA Soccer 11,X360,2010.00,Sports,Electronic Arts,0.71,2.4,0.02,0.4,3.53,0.907455013
364,James Bond 007: Agent Under Fire,PS2,2001.00,Shooter,Electronic Arts,1.9,1.13,0.1,0.41,3.53,0.907455013
366,Battlefield 4,X360,2013.00,Shooter,Electronic Arts,2.14,1.08,0.02,0.29,3.53,0.907455013
365,LEGO Star Wars: The Video Game,PS2,2005.00,Action,Eidos Interactive,1.98,1.14,0.01,0.41,3.53,0.907455013
368,Rugrats in Paris: The Movie,PS,2000.00,Action,THQ,1.96,1.33,0,0.23,3.52,0.904884319
369,Spyro 2: Ripto's Rage!,PS,1999.00,Platform,Sony Computer Entertainment,2.14,1.21,0.01,0.17,3.52,0.904884319
370,Left 4 Dead,X360,2008.00,Shooter,Electronic Arts,2.66,0.5,0.05,0.3,3.52,0.904884319
371,Mario & Sonic at the Olympic Winter Games,DS,2009.00,Sports,Sega,1.22,1.66,0.27,0.38,3.52,0.904884319
372,Resident Evil 5,X360,2009.00,Action,Capcom,2.11,0.94,0.12,0.34,3.51,0.902313625
373,Donkey Kong Country 3: Dixie Kong's Double Trouble!,SNES,1996.00,Platform,Nintendo,1.17,0.5,1.75,0.08,3.51,0.902313625
376,Batman: Arkham Asylum,X360,2009.00,Action,Eidos Interactive,2.2,0.97,0.02,0.31,3.5,0.899742931
377,Clubhouse Games,DS,2006.00,Misc,Nintendo,0.59,1.83,0.73,0.35,3.5,0.899742931
375,Kung Fu,NES,1985.00,Action,Nintendo,1.64,0.38,1.42,0.06,3.5,0.899742931
374,Assassin's Creed: Brotherhood,X360,2010.00,Action,Ubisoft,2.84,0.39,0.03,0.24,3.5,0.899742931
379,Star Wars Battlefront (2015),XOne,2015.00,Shooter,Electronic Arts,1.94,1.22,0.02,0.31,3.49,0.897172237
378,FIFA Soccer 2004,PS2,,Sports,Electronic Arts,0.59,2.36,0.04,0.51,3.49,0.897172237
380,Battlefield: Bad Company 2,X360,2010.00,Shooter,Electronic Arts,2.09,1.02,0.04,0.32,3.48,0.894601542
381,Guitar Hero: On Tour,DS,2008.00,Misc,Activision,2.11,1.01,0.01,0.35,3.48,0.894601542
382,Assassin's Creed: Unity,XOne,2014.00,Action,Ubisoft,2.26,0.89,0,0.3,3.46,0.889460154
383,Far Cry 3,PS3,2012.00,Shooter,Ubisoft,0.88,1.75,0.1,0.72,3.45,0.88688946
386,Tekken 4,PS2,2002.00,Fighting,Namco Bandai Games,1.55,1.27,0.33,0.29,3.44,0.884318766
385,Borderlands,X360,2009.00,Shooter,Take-Two Interactive,2.39,0.73,0.03,0.29,3.44,0.884318766
384,Monster Hunter 4,3DS,2013.00,Role-Playing,Capcom,0,0,3.44,0,3.44,0.884318766
387,Battlefield 4,PS4,2013.00,Shooter,Electronic Arts,1.34,1.54,0.17,0.38,3.43,0.881748072
388,LittleBigPlanet 2,PS3,2011.00,Platform,Sony Computer Entertainment,1.82,1.07,0.06,0.47,3.42,0.879177378
389,Grand Theft Auto 2,PS,1998.00,Action,Take-Two Interactive,1.13,2.07,0,0.22,3.42,0.879177378
390,Final Fantasy III,SNES,1994.00,Role-Playing,SquareSoft,0.86,0,2.55,0.02,3.42,0.879177378
391,Spider-Man 2,PS2,2004.00,Action,Activision,1.75,1.2,0.02,0.43,3.41,0.876606684
392,F-1 Race,GB,1990.00,Racing,Nintendo,1.73,0.69,0.59,0.4,3.41,0.876606684
393,FIFA Soccer 2003,PS2,2002.00,Sports,Electronic Arts,0.46,2.28,0.05,0.61,3.4,0.87403599
394,Crash Bash,PS,2000.00,Misc,Sony Computer Entertainment,1.56,1.47,0.19,0.17,3.39,0.871465296
396,Metal Gear Solid V: The Phantom Pain,PS4,2015.00,Action,Konami Digital Entertainment,1.08,1.35,0.48,0.47,3.38,0.868894602
397,The Legend of Zelda: Spirit Tracks,DS,2009.00,Action,Nintendo,1.43,0.94,0.74,0.27,3.38,0.868894602
395,LEGO Batman: The Videogame,X360,2008.00,Action,Warner Bros. Interactive Entertainment,2.03,1.03,0,0.32,3.38,0.868894602
398,WWF War Zone,PS,1998.00,Fighting,Acclaim Entertainment,2.47,0.76,0,0.13,3.36,0.863753213
399,The Legend of Zelda: Majora's Mask,N64,2000.00,Action,Nintendo,1.9,0.67,0.73,0.06,3.36,0.863753213
400,Professor Layton and the Unwound Future,DS,2008.00,Puzzle,Nintendo,0.65,1.61,0.82,0.28,3.36,0.863753213
401,Rugrats: Search For Reptar,PS,1998.00,Adventure,THQ,1.63,1.53,0,0.18,3.34,0.858611825
402,Assassin's Creed IV: Black Flag,X360,2013.00,Action,Ubisoft,1.9,1.14,0.01,0.29,3.34,0.858611825
405,Ratchet & Clank,PS2,2002.00,Platform,Sony Computer Entertainment,1.44,1.01,0.57,0.3,3.33,0.856041131
404,James Bond 007: Nightfire,PS2,2002.00,Shooter,Electronic Arts,1.45,1.29,0.12,0.46,3.33,0.856041131
403,English Training: Have Fun Improving Your Skills!,DS,2006.00,Misc,Nintendo,0,0.99,2.32,0.02,3.33,0.856041131
406,Mario Party 9,Wii,2012.00,Misc,Nintendo,1.15,1.17,0.76,0.24,3.32,0.853470437
407,Star Wars Episode III: Revenge of the Sith,PS2,2005.00,Action,LucasArts,1.47,1.39,0.03,0.43,3.32,0.853470437
408,Max Payne,PS2,2001.00,Shooter,Take-Two Interactive,1.99,1.05,0.05,0.22,3.31,0.850899743
411,Destiny,XOne,2014.00,Shooter,Activision,2.13,0.92,0,0.23,3.28,0.843187661
410,Assassin's Creed Syndicate,PS4,2015.00,Action,Ubisoft,0.8,1.92,0.06,0.5,3.28,0.843187661
409,The Lord of the Rings: The Return of the King,PS2,2003.00,Action,Electronic Arts,1.5,1.28,0.05,0.46,3.28,0.843187661
414,Gran Turismo (PSP),PSP,2009.00,Racing,Sony Computer Entertainment,0.5,1.59,0.31,0.87,3.27,0.840616967
413,Wii Music,Wii,2008.00,Misc,Nintendo,1.36,1.13,0.46,0.32,3.27,0.840616967
412,True Crime: Streets of LA,PS2,2003.00,Action,Activision,1.89,1.05,0.02,0.31,3.27,0.840616967
415,Monster Hunter X,3DS,2015.00,Action,Capcom,0.25,0.19,2.78,0.04,3.26,0.838046272
416,Tekken,PS,1995.00,Fighting,Sony Computer Entertainment,0.95,1.3,0.77,0.22,3.24,0.832904884
417,FIFA 16,XOne,2015.00,Sports,Electronic Arts,0.88,2.11,0,0.23,3.23,0.83033419
418,L.A. Noire,PS3,2011.00,Adventure,Take-Two Interactive,1.27,1.33,0.12,0.51,3.23,0.83033419
419,Madden NFL 16,PS4,2015.00,Sports,Electronic Arts,2.33,0.3,0,0.59,3.22,0.827763496
420,Yokai Watch 2 Ganso/Honke,3DS,2014.00,Role-Playing,Nintendo,0.03,0,3.18,0,3.22,0.827763496
421,007: Tomorrow Never Dies,PS,1999.00,Shooter,Electronic Arts,1.72,1.33,0,0.16,3.21,0.825192802
423,Killer Instinct,SNES,1995.00,Fighting,Nintendo,2.26,0.72,0.12,0.1,3.2,0.822622108
424,WWF SmackDown! 2: Know Your Role,PS,2000.00,Fighting,THQ,1.76,1.21,0.07,0.16,3.2,0.822622108
422,Baseball,NES,1983.00,Sports,Nintendo,0.73,0.1,2.35,0.02,3.2,0.822622108
427,Dragon Quest VI: Maboroshi no Daichi,SNES,1995.00,Role-Playing,Enix Corporation,0,0,3.19,0,3.19,0.820051414
428,Dance Central,X360,2010.00,Misc,MTV Games,2.15,0.77,0.01,0.26,3.19,0.820051414
425,Crisis Core: Final Fantasy VII,PSP,2007.00,Role-Playing,Square Enix,1.35,0.6,0.8,0.44,3.19,0.820051414
426,God of War: Chains of Olympus,PSP,2008.00,Action,Sony Computer Entertainment,1.48,1.01,0.04,0.66,3.19,0.820051414
429,Enter the Matrix,PS2,2003.00,Action,Atari,1.78,1.12,0.09,0.19,3.18,0.81748072
430,Super Mario Maker,WiiU,2015.00,Platform,Nintendo,1.18,0.87,0.93,0.2,3.18,0.81748072
431,Fallout: New Vegas,PS3,2010.00,Role-Playing,Bethesda Softworks,1.52,1.08,0.1,0.47,3.17,0.814910026
432,LEGO Batman: The Videogame,Wii,,Action,Warner Bros. Interactive Entertainment,1.86,1.02,0,0.29,3.17,0.814910026
433,Rhythm Heaven,DS,2008.00,Misc,Nintendo,0.58,0.51,1.93,0.14,3.17,0.814910026
434,Ace Combat 04: Shattered Skies,PS2,2001.00,Simulation,Sony Computer Entertainment Europe,2.06,0.56,0.38,0.17,3.17,0.814910026
435,Club Penguin: Elite Penguin Force,DS,2008.00,Adventure,Disney Interactive Studios,1.88,0.98,0,0.3,3.16,0.812339332
436,Animal Crossing,GC,2001.00,Simulation,Nintendo,1.92,0.16,0.99,0.09,3.15,0.809768638
437,LEGO Batman: The Videogame,DS,2008.00,Action,Warner Bros. Interactive Entertainment,1.79,1.06,0,0.29,3.15,0.809768638
438,Sonic Rush,DS,2005.00,Platform,Sega,1.22,1.57,0.06,0.29,3.15,0.809768638
439,Resident Evil 6,PS3,2012.00,Shooter,Capcom,0.88,0.97,0.88,0.42,3.15,0.809768638
440,Halo: The Master Chief Collection,XOne,2014.00,Shooter,Microsoft Game Studios,1.89,0.99,0.03,0.24,3.15,0.809768638
441,FIFA Soccer 08,PS2,2007.00,Sports,Electronic Arts,0.68,0,0,2.46,3.14,0.807197943
442,Spider-Man,PS,2000.00,Action,Activision,1.7,1.25,0.02,0.16,3.13,0.804627249
446,The Elder Scrolls IV: Oblivion,PS3,2007.00,Role-Playing,Ubisoft,1.69,0.87,0.14,0.42,3.12,0.802056555
448,Heavy Rain,PS3,2010.00,Adventure,Sony Computer Entertainment,1.29,1.27,0.06,0.5,3.12,0.802056555
447,Dragon Warrior IV,NES,1990.00,Role-Playing,Enix Corporation,0.08,0,3.03,0.01,3.12,0.802056555
443,Need for Speed III: Hot Pursuit,PS,1998.00,Racing,Electronic Arts,2.14,0.86,0,0.13,3.12,0.802056555
445,Personal Trainer: Cooking,DS,2006.00,Misc,Nintendo,0.91,1,1.03,0.17,3.12,0.802056555
444,Star Wars Episode I Racer,N64,1999.00,Racing,Nintendo,2.31,0.62,0.14,0.04,3.12,0.802056555
449,Mass Effect 2,X360,2010.00,Role-Playing,Electronic Arts,1.99,0.82,0.03,0.27,3.11,0.799485861
450,FIFA 15,X360,2014.00,Sports,Electronic Arts,0.78,2.02,0,0.3,3.11,0.799485861
451,Dragon Ball Z: Budokai,PS2,2002.00,Fighting,Atari,2.17,0.28,0.55,0.08,3.09,0.794344473
452,Madden NFL 2002,PS2,2001.00,Sports,Electronic Arts,2.5,0.16,0.01,0.42,3.08,0.791773779
453,World Class Track Meet,NES,1986.00,Sports,Namco Bandai Games,1.92,0.45,0.64,0.07,3.08,0.791773779
456,Donkey Kong,GB,1994.00,Platform,Nintendo,1.57,0.62,0.55,0.34,3.07,0.789203085
457,The Sims: Vacation,PC,2002.00,Simulation,Electronic Arts,1.72,1.21,0,0.14,3.07,0.789203085
458,Mass Effect 3,X360,2012.00,Role-Playing,Electronic Arts,1.94,0.86,0.03,0.24,3.07,0.789203085
455,The Legend of Zelda: A Link Between Worlds,3DS,2013.00,Action,Nintendo,1.4,0.99,0.46,0.22,3.07,0.789203085
454,Borderlands 2,X360,2012.00,Shooter,Take-Two Interactive,1.89,0.91,0.04,0.24,3.07,0.789203085
459,Kung Fu Panda,X360,2008.00,Action,Activision,1.91,0.84,0,0.29,3.05,0.784061697
460,Far Cry 3,X360,2012.00,Shooter,Ubisoft,1.38,1.35,0.02,0.28,3.04,0.781491003
461,Epic Mickey,Wii,2010.00,Platform,Disney Interactive Studios,2.06,0.64,0.12,0.22,3.04,0.781491003
463,Rayman,PS,1995.00,Platform,Ubisoft,1.54,1.33,0,0.16,3.03,0.778920308
462,Saints Row 2,X360,2008.00,Action,THQ,1.94,0.8,0.02,0.27,3.03,0.778920308
467,WWE SmackDown! Shut Your Mouth,PS2,2002.00,Sports,THQ,1.45,1.13,0.07,0.38,3.02,0.776349614
465,Tom Clancy's Splinter Cell,XB,2002.00,Action,Ubisoft,1.85,1.04,0,0.13,3.02,0.776349614
464,Killzone 2,PS3,2009.00,Shooter,Sony Computer Entertainment,1.4,1.07,0.08,0.47,3.02,0.776349614
466,Mike Tyson's Punch-Out!!,NES,1987.00,Fighting,Nintendo,2.03,0.47,0.45,0.07,3.02,0.776349614
469,NBA 2K13,X360,2012.00,Sports,Take-Two Interactive,2.6,0.21,0.01,0.19,3,0.771208226
470,Dragon Ball Z: Budokai Tenkaichi 3,PS2,2007.00,Fighting,Atari,1.15,0,0.76,1.09,3,0.771208226
471,wwe Smackdown vs. Raw 2006,PS2,,Fighting,,1.57,1.02,0,0.41,3,0.771208226
468,Gears of War: Ultimate Edition,XOne,2015.00,Shooter,Microsoft Game Studios,2.38,0.32,0,0.31,3,0.771208226
475,World Soccer Winning Eleven 6 International,PS2,2002.00,Sports,Konami Digital Entertainment,0.12,1.26,1.16,0.45,2.99,0.768637532
476,Devil May Cry,PS2,2001.00,Action,Capcom,1.36,0.86,0.64,0.13,2.99,0.768637532
473,Star Fox,SNES,1993.00,Shooter,Nintendo,1.61,0.51,0.8,0.07,2.99,0.768637532
474,The Sims: Livin Large,PC,2000.00,Misc,Electronic Arts,1.67,1.18,0,0.13,2.99,0.768637532
472,Middle-Earth: Shadow of Mordor,PS4,2014.00,Action,Warner Bros. Interactive Entertainment,1.01,1.41,0.05,0.53,2.99,0.768637532
477,Animal Crossing: Happy Home Designer,3DS,2015.00,Simulation,Nintendo,0.47,1,1.39,0.12,2.98,0.766066838
478,Battlefield: Bad Company 2,PS3,2010.00,Shooter,Electronic Arts,1.33,1.12,0.08,0.45,2.97,0.763496144
479,The Sims 4,PC,2014.00,Simulation,Electronic Arts,0.96,1.72,0,0.29,2.97,0.763496144
480,Star Wars: The Old Republic,PC,2011.00,Role-Playing,Electronic Arts,1.58,1.01,0,0.38,2.97,0.763496144
482,Kirby Super Star Ultra,DS,2008.00,Platform,Nintendo,1.57,0.04,1.19,0.15,2.96,0.76092545
483,Hitman 2: Silent Assassin,PS2,2002.00,Action,Eidos Interactive,1.36,1.15,0.04,0.41,2.96,0.76092545
481,Sonic Heroes,PS2,2003.00,Platform,Sega,1.04,1.37,0.06,0.49,2.96,0.76092545
484,Street Fighter IV,X360,2009.00,Fighting,Capcom,1.82,0.71,0.15,0.26,2.95,0.758354756
485,Wave Race 64,N64,1996.00,Racing,Nintendo,1.98,0.58,0.34,0.04,2.94,0.755784062
486,SOCOM II: U.S. Navy SEALs,PS2,2003.00,Shooter,Sony Computer Entertainment,2.22,0.51,0.06,0.15,2.94,0.755784062
487,WWE SmackDown! vs. RAW 2006,PS2,2005.00,Fighting,THQ,1.45,1.11,0.04,0.33,2.94,0.755784062
488,inFAMOUS,PS3,2009.00,Action,Sony Computer Entertainment,1.76,0.69,0.12,0.37,2.94,0.755784062
489,Pac-Man Collection,GBA,2001.00,Puzzle,Atari,2.07,0.77,0.05,0.05,2.94,0.755784062
490,Mass Effect,X360,2007.00,Role-Playing,Microsoft Game Studios,1.83,0.8,0.03,0.27,2.93,0.753213368
491,WarioWare: Smooth Moves,Wii,2006.00,Puzzle,Nintendo,0.87,1.06,0.73,0.26,2.92,0.750642674
492,Cooking Mama: Cook Off,Wii,2007.00,Simulation,505 Games,1.43,1.13,0.05,0.3,2.91,0.748071979
493,Super Mario World 2: Yoshi's Island,GBA,2002.00,Platform,Nintendo,1.75,0.45,0.62,0.09,2.91,0.748071979
494,FIFA 14,PS4,2013.00,Sports,Electronic Arts,0.61,1.85,0.11,0.33,2.9,0.745501285
495,Titanfall,XOne,2014.00,Shooter,Electronic Arts,1.84,0.8,0.04,0.22,2.9,0.745501285
496,Sonic Mega Collection Plus,PS2,2004.00,Misc,Sega,1.54,1.14,0,0.22,2.9,0.745501285
497,Sega Superstars Tennis,X360,2008.00,Sports,Sega,1.75,0.86,0,0.28,2.9,0.745501285
498,World Soccer Winning Eleven 7 International,PS2,2003.00,Sports,Konami Digital Entertainment,0.08,1.24,1.13,0.45,2.9,0.745501285
500,Hot Shots Golf 3,PS2,2001.00,Sports,Sony Computer Entertainment,0.99,0.32,1.38,0.2,2.89,0.742930591
501,Call of Duty: Finest Hour,PS2,2004.00,Shooter,Activision,1.51,1.12,0.01,0.24,2.89,0.742930591
499,Need for Speed: Most Wanted,PS3,2012.00,Racing,Electronic Arts,0.71,1.51,0.06,0.61,2.89,0.742930591
504,Imagine: Babyz,DS,2007.00,Simulation,Ubisoft,1.3,1.27,0,0.31,2.88,0.740359897
502,Zumba Fitness 2,Wii,2011.00,Sports,Majesco Entertainment,1.54,1.07,0,0.28,2.88,0.740359897
503,Syphon Filter,PS,1999.00,Shooter,Sony Computer Entertainment,2.03,0.72,0.02,0.11,2.88,0.740359897
505,Colin McRae Rally,PS,1998.00,Racing,Codemasters,0.09,2.43,0.12,0.22,2.87,0.737789203
508,The Elder Scrolls III: Morrowind,XB,2002.00,Role-Playing,Ubisoft,2.09,0.63,0.03,0.11,2.86,0.735218509
507,Madden NFL 13,X360,2012.00,Sports,Electronic Arts,2.53,0.16,0,0.17,2.86,0.735218509
506,Call of Duty: Ghosts,XOne,2013.00,Shooter,Activision,1.87,0.77,0,0.22,2.86,0.735218509
514,FIFA 16,PS3,2015.00,Sports,Electronic Arts,0.4,1.98,0.05,0.42,2.85,0.732647815
513,Skylanders: Spyro's Adventure,Wii,2011.00,Action,Activision,1.4,1.14,0,0.31,2.85,0.732647815
512,Command & Conquer: Red Alert,PC,1996.00,Strategy,Virgin Interactive,1.37,1.34,0,0.14,2.85,0.732647815
510,F-Zero,SNES,1990.00,Racing,Nintendo,1.37,0.51,0.89,0.07,2.85,0.732647815
509,Mortal Kombat,PS3,2011.00,Fighting,Warner Bros. Interactive Entertainment,1.98,0.55,0,0.32,2.85,0.732647815
511,Yoshi's Story,N64,1997.00,Platform,Nintendo,1.29,0.53,0.98,0.05,2.85,0.732647815
515,Assassin's Creed: Brotherhood,PS3,2010.00,Action,Ubisoft,1.87,0.57,0.11,0.3,2.84,0.730077121
516,BioShock,X360,2007.00,Shooter,Take-Two Interactive,1.65,0.86,0.05,0.28,2.83,0.727506427
517,Madden NFL 10,X360,2009.00,Sports,Electronic Arts,2.52,0.09,0,0.22,2.83,0.727506427
518,Medal of Honor,PS3,2010.00,Shooter,Electronic Arts,1.28,1.05,0.07,0.43,2.83,0.727506427
519,WWE SmackDown! vs. Raw,PS2,2002.00,Fighting,THQ,1.32,1.08,0.04,0.39,2.83,0.727506427
521,Finding Nemo,GBA,2003.00,Action,THQ,1.59,1.05,0.04,0.14,2.82,0.724935733
520,Metroid Prime,GC,2002.00,Shooter,Nintendo,1.96,0.67,0.1,0.09,2.82,0.724935733
524,Imagine: Fashion Designer,DS,2007.00,Simulation,Ubisoft,1.32,1.19,0,0.3,2.81,0.722365039
523,Need for Speed: Hot Pursuit,PS3,2010.00,Racing,Electronic Arts,1.05,1.25,0.03,0.48,2.81,0.722365039
522,Myst,PC,1994.00,Adventure,Red Orb,0.02,2.79,0,0,2.81,0.722365039
527,Yoshi's Island DS,DS,2006.00,Platform,Nintendo,1.47,0.07,1.1,0.15,2.8,0.719794344
525,WWE SmackDown! Here Comes the Pain,PS2,2003.00,Fighting,THQ,1.32,1.06,0.04,0.38,2.8,0.719794344
526,Star Wars: The Force Unleashed,X360,2008.00,Action,LucasArts,1.74,0.8,0,0.26,2.8,0.719794344
534,Battlefield 3,PC,2011.00,Shooter,Electronic Arts,0.89,1.43,0,0.48,2.79,0.71722365
528,Hot Shots Golf,PS,1997.00,Sports,Sony Computer Entertainment,0.29,0.2,2.13,0.18,2.79,0.71722365
537,Monster Hunter Tri,3DS,2011.00,Role-Playing,Nintendo,0.46,0.29,1.96,0.07,2.79,0.71722365
536,Professor Layton and the Last Specter,DS,2009.00,Puzzle,Nintendo,0.3,1.47,0.68,0.34,2.79,0.71722365
535,NBA Street,PS2,2001.00,Sports,Electronic Arts,2.19,0.22,0,0.38,2.79,0.71722365
531,WWF SmackDown! Just Bring It,PS2,2001.00,Fighting,THQ,1.19,1.15,0.04,0.41,2.79,0.71722365
533,Mortal Kombat Trilogy,PS,1996.00,Fighting,GT Interactive,1.98,0.7,0,0.11,2.79,0.71722365
532,Dragon Quest V: Tenkuu no Hanayome,SNES,1992.00,Role-Playing,Enix Corporation,0,0,2.78,0.01,2.79,0.71722365
530,A Bug's Life,PS,1998.00,Platform,Sony Computer Entertainment,1.96,0.72,0,0.11,2.79,0.71722365
529,Killzone 3,PS3,2011.00,Shooter,Sony Computer Entertainment,1.45,0.88,0.09,0.38,2.79,0.71722365
541,Tekken 6,PS3,2009.00,Fighting,Namco Bandai Games,1.2,0.98,0.17,0.43,2.78,0.714652956
540,Ratchet & Clank: Going Commando,PS2,2003.00,Platform,Sony Computer Entertainment,1.44,0.83,0.26,0.25,2.78,0.714652956
539,inFAMOUS: Second Son,PS4,2014.00,Action,Sony Computer Entertainment,1.27,0.97,0.07,0.47,2.78,0.714652956
538,Jak II,PS2,2003.00,Platform,Sony Computer Entertainment,1.68,0.74,0,0.36,2.78,0.714652956
544,Saints Row: The Third,X360,2011.00,Action,THQ,1.25,1.15,0.07,0.3,2.77,0.712082262
543,Sonic and the Secret Rings,Wii,2007.00,Platform,Sega,1.24,1.2,0.04,0.3,2.77,0.712082262
542,The Sims,PS2,2003.00,Simulation,Electronic Arts,1.41,1.12,0,0.24,2.77,0.712082262
545,Missile Command,2600,1980.00,Shooter,Atari,2.56,0.17,0,0.03,2.76,0.709511568
546,Mario Paint,SNES,1992.00,Misc,Nintendo,1.43,0.54,0.71,0.07,2.75,0.706940874
547,Assassin's Creed IV: Black Flag,PS4,2013.00,Action,Ubisoft,1.07,1.31,0.06,0.31,2.74,0.70437018
548,Pokémon Stadium 2,N64,2000.00,Strategy,Nintendo,1.02,0.36,1.13,0.23,2.73,0.701799486
549,Metroid,NES,1986.00,Action,Nintendo,1.33,0.31,1.04,0.05,2.73,0.701799486
550,L.A. Noire,X360,2011.00,Adventure,Take-Two Interactive,1.52,0.94,0.02,0.24,2.72,0.699228792
551,Call of Duty 3,X360,2006.00,Shooter,Activision,1.49,0.93,0.02,0.27,2.71,0.696658098
552,The Legend of Zelda: A Link to the Past,GBA,2002.00,Action,Nintendo,1.75,0.52,0.33,0.1,2.7,0.694087404
553,Onimusha: Warlords,PS2,2001.00,Action,Virgin Interactive,0.99,0.48,1.09,0.14,2.7,0.694087404
554,Mortal Kombat X,PS4,2015.00,Fighting,Warner Bros. Interactive Entertainment,1.47,0.76,0,0.47,2.7,0.694087404
555,Mario Party,N64,1998.00,Misc,Nintendo,1.25,0.53,0.87,0.05,2.7,0.694087404
557,LEGO Star Wars II: The Original Trilogy,PS2,2006.00,Action,LucasArts,1.85,0.64,0.01,0.19,2.69,0.69151671
556,Madden NFL 12,X360,2011.00,Sports,Electronic Arts,2.42,0.11,0,0.16,2.69,0.69151671
558,Madden NFL 11,X360,2010.00,Sports,Electronic Arts,2.38,0.12,0,0.18,2.69,0.69151671
559,Mario vs. Donkey Kong: Mini-Land Mayhem!,DS,2010.00,Puzzle,Nintendo,1.63,0.52,0.35,0.18,2.69,0.69151671
564,Final Fantasy XIII-2,PS3,2011.00,Role-Playing,Square Enix,0.78,0.75,0.89,0.26,2.68,0.688946015
561,Burnout 3: Takedown,PS2,2004.00,Racing,Electronic Arts,1.23,1.11,0,0.34,2.68,0.688946015
560,Skate 3,X360,2010.00,Sports,Electronic Arts,1.46,0.98,0,0.24,2.68,0.688946015
563,Need for Speed: Shift,PS3,2009.00,Racing,Electronic Arts,0.69,1.41,0.04,0.53,2.68,0.688946015
562,Yokai Watch 2 Shinuchi,3DS,2014.00,Role-Playing,Level 5,0,0,2.68,0,2.68,0.688946015
565,Mortal Kombat,GEN,1992.00,Fighting,Arena Entertainment,1.95,0.63,0,0.09,2.67,0.686375321
566,Call Of Duty 2: Big Red One,PS2,2005.00,Shooter,Activision,1.48,0.92,0.01,0.26,2.67,0.686375321
567,Guitar Hero: World Tour,X360,2008.00,Misc,Activision,1.78,0.64,0,0.25,2.67,0.686375321
568,Medal of Honor,PS,1998.00,Shooter,Electronic Arts,1.44,1.09,0,0.14,2.67,0.686375321
569,Fable,XB,2004.00,Role-Playing,Microsoft Game Studios,1.99,0.58,0,0.09,2.66,0.683804627
572,Skylanders Giants,Wii,2012.00,Action,Activision,1.56,0.88,0,0.22,2.65,0.681233933
575,Star Wars: Shadows of the Empire,N64,1996.00,Action,Nintendo,2,0.5,0.12,0.03,2.65,0.681233933
574,Super Mario Bros.: The Lost Levels,NES,1986.00,Platform,Nintendo,0,0,2.65,0,2.65,0.681233933
571,Tom Clancy's Splinter Cell,PS2,2003.00,Action,Ubisoft,1.15,1.11,0,0.4,2.65,0.681233933
570,Hannah Montana,DS,2006.00,Action,Disney Interactive Studios,1.59,0.8,0,0.26,2.65,0.681233933
573,Medal of Honor Heroes,PSP,2006.00,Shooter,Electronic Arts,0.86,1.11,0.01,0.66,2.65,0.681233933
576,LEGO Star Wars: The Complete Saga,X360,2007.00,Action,LucasArts,1.53,0.87,0,0.24,2.64,0.678663239
579,Halo Wars,X360,2009.00,Strategy,Microsoft Game Studios,1.53,0.82,0.04,0.24,2.63,0.676092545
580,God of War Collection,PS3,2009.00,Action,Sony Computer Entertainment,1.7,0.46,0.06,0.41,2.63,0.676092545
578,Pac-Man: Adventures in Time,PSP,2006.00,Fighting,Sony Computer Entertainment,0.76,1.1,0.12,0.65,2.63,0.676092545
577,Midnight Club: Street Racing,PS2,2000.00,Racing,Take-Two Interactive,2,0.47,0.02,0.14,2.63,0.676092545
582,Mario Strikers Charged,Wii,2007.00,Sports,Nintendo,1.07,1.06,0.24,0.25,2.62,0.673521851
583,Medal of Honor,X360,2010.00,Shooter,Electronic Arts,1.55,0.81,0.04,0.21,2.62,0.673521851
584,FIFA Soccer 10,X360,2009.00,Sports,Electronic Arts,0.59,1.79,0.01,0.23,2.62,0.673521851
585,NBA 2K12,X360,2011.00,Sports,Take-Two Interactive,2.31,0.14,0.01,0.16,2.62,0.673521851
581,ESPN NFL 2K5,PS2,2004.00,Sports,Sega,2.15,0.12,0,0.36,2.62,0.673521851
586,Style Savvy,DS,2008.00,Simulation,Nintendo,0.63,0.84,0.96,0.19,2.61,0.670951157
587,Harry Potter and the Chamber of Secrets,PS2,2002.00,Action,Electronic Arts,0.9,1.22,0.04,0.44,2.61,0.670951157
589,Streets of Rage,GEN,1990.00,Action,Sega,1.86,0.55,0.11,0.08,2.6,0.668380463
588,Super Mario All-Stars: Limited Edition,Wii,2010.00,Platform,Nintendo,1.02,0.52,0.92,0.14,2.6,0.668380463
591,Ratchet & Clank Future: Tools of Destruction,PS3,2007.00,Platform,Sony Computer Entertainment,0.93,1.12,0.08,0.45,2.59,0.665809769
590,FIFA Soccer 09,PS3,2008.00,Sports,Electronic Arts,0.48,1.63,0.04,0.43,2.59,0.665809769
592,NBA Live 2005,PS2,2004.00,Sports,Electronic Arts,2.03,0.21,0,0.35,2.59,0.665809769
593,LittleBigPlanet,PSP,2009.00,Platform,Sony Computer Entertainment,0.64,1.24,0.01,0.69,2.58,0.663239075
594,Killzone: Shadow Fall,PS4,2013.00,Shooter,Sony Computer Entertainment,0.89,1.33,0.07,0.28,2.58,0.663239075
595,Ghostbusters: The Video Game (DS Version),X360,2009.00,Action,Take-Two Interactive,1.04,1.24,0.03,0.27,2.58,0.663239075
596,Monster Hunter Freedom 2,PSP,2007.00,Role-Playing,Capcom,0.37,0.27,1.75,0.18,2.58,0.663239075
597,WWE SmackDown vs. RAW 2007,PS2,2006.00,Fighting,THQ,1.4,0.88,0.03,0.26,2.58,0.663239075
600,Dragon Age: Origins,X360,2009.00,Role-Playing,Electronic Arts,1.76,0.56,0.03,0.22,2.57,0.66066838
601,Madden NFL 08,PS2,2007.00,Sports,Electronic Arts,2.14,0.08,0,0.35,2.57,0.66066838
598,Ratchet & Clank: Up Your Arsenal,PS2,2004.00,Platform,Sony Computer Entertainment,1.31,0.74,0.31,0.22,2.57,0.66066838
599,Art Academy,DS,2010.00,Misc,Nintendo,0.28,1.68,0.33,0.28,2.57,0.66066838
602,Sonic Adventure 2 Battle,GC,2001.00,Platform,Sega,1.7,0.59,0.21,0.07,2.56,0.658097686
603,Dragon Warrior II,NES,1987.00,Role-Playing,Enix Corporation,0.15,0,2.41,0,2.56,0.658097686
604,Madden NFL 13,PS3,2012.00,Sports,Electronic Arts,2.11,0.23,0,0.22,2.56,0.658097686
607,Madden NFL 09,X360,2008.00,Sports,Electronic Arts,2.21,0.12,0,0.2,2.54,0.652956298
606,Deca Sports,Wii,2008.00,Sports,Konami Digital Entertainment,1.13,0.87,0.29,0.25,2.54,0.652956298
605,Pokémon Colosseum,GC,2003.00,Role-Playing,Nintendo,1.21,0.57,0.7,0.07,2.54,0.652956298
608,Space Invaders,2600,,Shooter,Atari,2.36,0.14,0,0.03,2.53,0.650385604
609,Crazy Taxi,PS2,2001.00,Racing,Acclaim Entertainment,1.13,1.12,0.06,0.22,2.52,0.64781491
610,Perfect Dark,N64,2000.00,Action,Nintendo,1.55,0.75,0.16,0.06,2.52,0.64781491
611,Game Party,Wii,2007.00,Misc,Midway Games,1.5,0.78,0,0.24,2.52,0.64781491
612,Dragon Warrior,NES,1986.00,Role-Playing,Capcom,0.49,0,0.52,1.51,2.52,0.64781491
613,Tomb Raider (2013),PS3,2013.00,Action,Square Enix,0.6,1.31,0.08,0.52,2.51,0.645244216
614,Marvel: Ultimate Alliance,X360,2006.00,Role-Playing,Activision,2.29,0.02,0,0.19,2.5,0.642673522
615,PES 2009: Pro Evolution Soccer,PS2,2008.00,Sports,Konami Digital Entertainment,0.13,0.07,0.26,2.05,2.5,0.642673522
616,Mario Party 2,N64,1999.00,Misc,Nintendo,1.28,0.14,1.08,0.01,2.5,0.642673522
